{"mean":{"confidence_interval":{"confidence_level":0.95,"lower_bound":90691.45173648962,"upper_bound":91803.98365414697},"point_estimate":91201.04214192169,"standard_error":283.78251211987237},"median":{"confidence_interval":{"confidence_level":0.95,"lower_bound":90122.06274586939,"upper_bound":91151.46943573668},"point_estimate":90620.33707664884,"standard_error":295.7067195020113},"median_abs_dev":{"confidence_interval":{"confidence_level":0.95,"lower_bound":1227.3105203739246,"upper_bound":2175.186533815149},"point_estimate":1606.1191657032407,"standard_error":249.77762067288316},"slope":{"confidence_interval":{"confidence_level":0.95,"lower_bound":90540.5234230939,"upper_bound":91833.5525858201},"point_estimate":91120.12280129506,"standard_error":330.6059067997441},"std_dev":{"confidence_interval":{"confidence_level":0.95,"lower_bound":1784.9665232172047,"upper_bound":4041.614877462038},"point_estimate":2853.4073913470934,"standard_error":651.480966629782}}